[{"timeZone":"ACDT", "timeDifference":"UTC+10:30", "name":"Australian Central Daylight Savings Time"},
{"timeZone":"ACST", "timeDifference":"UTC+09:30", "name":"Australian Central Standard Time"},
{"timeZone":"ACT", "timeDifference":"UTC−05", "name":"Acre Time"},
{"timeZone":"ACT", "timeDifference":"UTC+06:30 – UTC+09", "name":"ASEAN Common Time"},
{"timeZone":"ACWST", "timeDifference":"UTC+08:45", "name":"Australian Central Western Standard Time (unofficial)"},
{"timeZone":"ADT", "timeDifference":"UTC−03", "name":"Atlantic Daylight Time"},
{"timeZone":"AEDT", "timeDifference":"UTC+11", "name":"Australian Eastern Daylight Savings Time"},
{"timeZone":"AEST", "timeDifference":"UTC+10", "name":"Australian Eastern Standard Time"},
{"timeZone":"AFT", "timeDifference":"UTC+04:30", "name":"Afghanistan Time"},
{"timeZone":"AKDT", "timeDifference":"UTC−08", "name":"Alaska Daylight Time"},
{"timeZone":"AKST", "timeDifference":"UTC−09", "name":"Alaska Standard Time"},
{"timeZone":"AMST", "timeDifference":"UTC−03", "name":"Amazon Summer Time (Brazil)[1]"},
{"timeZone":"AMT", "timeDifference":"UTC−04", "name":"Amazon Time (Brazil)[2]"},
{"timeZone":"AMT", "timeDifference":"UTC+04", "name":"Armenia Time"},
{"timeZone":"ART", "timeDifference":"UTC−03", "name":"Argentina Time"},
{"timeZone":"AST", "timeDifference":"UTC+03", "name":"Arabia Standard Time"},
{"timeZone":"AST", "timeDifference":"UTC−04", "name":"Atlantic Standard Time"},
{"timeZone":"AWST", "timeDifference":"UTC+08", "name":"Australian Western Standard Time"},
{"timeZone":"AZOST", "timeDifference":"UTC±00", "name":"Azores Summer Time"},
{"timeZone":"AZOT", "timeDifference":"UTC−01", "name":"Azores Standard Time"},
{"timeZone":"AZT", "timeDifference":"UTC+04", "name":"Azerbaijan Time"},
{"timeZone":"BDT", "timeDifference":"UTC+08", "name":"Brunei Time"},
{"timeZone":"BIOT", "timeDifference":"UTC+06", "name":"British Indian Ocean Time"},
{"timeZone":"BIT", "timeDifference":"UTC−12", "name":"Baker Island Time"},
{"timeZone":"BOT", "timeDifference":"UTC−04", "name":"Bolivia Time"},
{"timeZone":"BRST", "timeDifference":"UTC−02", "name":"Brasília Summer Time"},
{"timeZone":"BRT", "timeDifference":"UTC−03", "name":"Brasilia Time"},
{"timeZone":"BST", "timeDifference":"UTC+06", "name":"Bangladesh Standard Time"},
{"timeZone":"BST", "timeDifference":"UTC+11", "name":"Bougainville Standard Time[3]"},
{"timeZone":"BST", "timeDifference":"UTC+01", "name":"British Summer Time (British Standard Time from Feb 1968 to Oct 1971)"},
{"timeZone":"BTT", "timeDifference":"UTC+06", "name":"Bhutan Time"},
{"timeZone":"CAT", "timeDifference":"UTC+02", "name":"Central Africa Time"},
{"timeZone":"CCT", "timeDifference":"UTC+06:30", "name":"Cocos Islands Time"},
{"timeZone":"CDT", "timeDifference":"UTC−05", "name":"Central Daylight Time (North America)"},
{"timeZone":"CDT", "timeDifference":"UTC−04", "name":"Cuba Daylight Time[4]"},
{"timeZone":"CEST", "timeDifference":"UTC+02", "name":"Central European Summer Time (Cf. HAEC)"},
{"timeZone":"CET", "timeDifference":"UTC+01", "name":"Central European Time"},
{"timeZone":"CHADT", "timeDifference":"UTC+13:45", "name":"Chatham Daylight Time"},
{"timeZone":"CHAST", "timeDifference":"UTC+12:45", "name":"Chatham Standard Time"},
{"timeZone":"CHOT", "timeDifference":"UTC+08", "name":"Choibalsan Standard Time"},
{"timeZone":"CHOST", "timeDifference":"UTC+09", "name":"Choibalsan Summer Time"},
{"timeZone":"CHST", "timeDifference":"UTC+10", "name":"Chamorro Standard Time"},
{"timeZone":"CHUT", "timeDifference":"UTC+10", "name":"Chuuk Time"},
{"timeZone":"CIST", "timeDifference":"UTC−08", "name":"Clipperton Island Standard Time"},
{"timeZone":"CIT", "timeDifference":"UTC+08", "name":"Central Indonesia Time"},
{"timeZone":"CKT", "timeDifference":"UTC−10", "name":"Cook Island Time"},
{"timeZone":"CLST", "timeDifference":"UTC−03", "name":"Chile Summer Time"},
{"timeZone":"CLT", "timeDifference":"UTC−04", "name":"Chile Standard Time"},
{"timeZone":"COST", "timeDifference":"UTC−04", "name":"Colombia Summer Time"},
{"timeZone":"COT", "timeDifference":"UTC−05", "name":"Colombia Time"},
{"timeZone":"CST", "timeDifference":"UTC−06", "name":"Central Standard Time (North America)"},
{"timeZone":"CST", "timeDifference":"UTC+08", "name":"China Standard Time"},
{"timeZone":"CST", "timeDifference":"UTC−05", "name":"Cuba Standard Time"},
{"timeZone":"CT", "timeDifference":"UTC+08", "name":"China Time"},
{"timeZone":"CVT", "timeDifference":"UTC−01", "name":"Cape Verde Time"},
{"timeZone":"CWST", "timeDifference":"UTC+08:45", "name":"Central Western Standard Time (Australia) unofficial"},
{"timeZone":"CXT", "timeDifference":"UTC+07", "name":"Christmas Island Time"},
{"timeZone":"DAVT", "timeDifference":"UTC+07", "name":"Davis Time"},
{"timeZone":"DDUT", "timeDifference":"UTC+10", "name":"Dumont d'Urville Time"},
{"timeZone":"DFT", "timeDifference":"UTC+01", "name":"AIX-specific equivalent of Central European Time[NB 1]"},
{"timeZone":"EASST", "timeDifference":"UTC−05", "name":"Easter Island Summer Time"},
{"timeZone":"EAST", "timeDifference":"UTC−06", "name":"Easter Island Standard Time"},
{"timeZone":"EAT", "timeDifference":"UTC+03", "name":"East Africa Time"},
{"timeZone":"ECT", "timeDifference":"UTC−04", "name":"Eastern Caribbean Time (does not recognise DST)"},
{"timeZone":"ECT", "timeDifference":"UTC−05", "name":"Ecuador Time"},
{"timeZone":"EDT", "timeDifference":"UTC−04", "name":"Eastern Daylight Time (North America)"},
{"timeZone":"EEST", "timeDifference":"UTC+03", "name":"Eastern European Summer Time"},
{"timeZone":"EET", "timeDifference":"UTC+02", "name":"Eastern European Time"},
{"timeZone":"EGST", "timeDifference":"UTC±00", "name":"Eastern Greenland Summer Time"},
{"timeZone":"EGT", "timeDifference":"UTC−01", "name":"Eastern Greenland Time"},
{"timeZone":"EIT", "timeDifference":"UTC+09", "name":"Eastern Indonesian Time"},
{"timeZone":"EST", "timeDifference":"UTC−05", "name":"Eastern Standard Time (North America)"},
{"timeZone":"FET", "timeDifference":"UTC+03", "name":"Further-eastern European Time"},
{"timeZone":"FJT", "timeDifference":"UTC+12", "name":"Fiji Time"},
{"timeZone":"FKST", "timeDifference":"UTC−03", "name":"Falkland Islands Summer Time"},
{"timeZone":"FKT", "timeDifference":"UTC−04", "name":"Falkland Islands Time"},
{"timeZone":"FNT", "timeDifference":"UTC−02", "name":"Fernando de Noronha Time"},
{"timeZone":"GALT", "timeDifference":"UTC−06", "name":"Galápagos Time"},
{"timeZone":"GAMT", "timeDifference":"UTC−09", "name":"Gambier Islands Time"},
{"timeZone":"GET", "timeDifference":"UTC+04", "name":"Georgia Standard Time"},
{"timeZone":"GFT", "timeDifference":"UTC−03", "name":"French Guiana Time"},
{"timeZone":"GILT", "timeDifference":"UTC+12", "name":"Gilbert Island Time"},
{"timeZone":"GIT", "timeDifference":"UTC−09", "name":"Gambier Island Time"},
{"timeZone":"GMT", "timeDifference":"UTC±00", "name":"Greenwich Mean Time"},
{"timeZone":"GST", "timeDifference":"UTC−02", "name":"South Georgia and the South Sandwich Islands Time"},
{"timeZone":"GST", "timeDifference":"UTC+04", "name":"Gulf Standard Time"},
{"timeZone":"GYT", "timeDifference":"UTC−04", "name":"Guyana Time"},
{"timeZone":"HDT", "timeDifference":"UTC−09", "name":"Hawaii–Aleutian Daylight Time"},
{"timeZone":"HAEC", "timeDifference":"UTC+02", "name":"Heure Avancée d'Europe Centrale French-language name for CEST"},
{"timeZone":"HST", "timeDifference":"UTC−10", "name":"Hawaii–Aleutian Standard Time"},
{"timeZone":"HKT", "timeDifference":"UTC+08", "name":"Hong Kong Time"},
{"timeZone":"HMT", "timeDifference":"UTC+05", "name":"Heard and McDonald Islands Time"},
{"timeZone":"HOVST", "timeDifference":"UTC+08", "name":"Khovd Summer Time"},
{"timeZone":"HOVT", "timeDifference":"UTC+07", "name":"Khovd Standard Time"},
{"timeZone":"ICT", "timeDifference":"UTC+07", "name":"Indochina Time"},
{"timeZone":"IDT", "timeDifference":"UTC+03", "name":"Israel Daylight Time"},
{"timeZone":"IOT", "timeDifference":"UTC+03", "name":"Indian Ocean Time"},
{"timeZone":"IRDT", "timeDifference":"UTC+04:30", "name":"Iran Daylight Time"},
{"timeZone":"IRKT", "timeDifference":"UTC+08", "name":"Irkutsk Time"},
{"timeZone":"IRST", "timeDifference":"UTC+03:30", "name":"Iran Standard Time"},
{"timeZone":"IST", "timeDifference":"UTC+05:30", "name":"Indian Standard Time"},
{"timeZone":"IST", "timeDifference":"UTC+01", "name":"Irish Standard Time[5]"},
{"timeZone":"IST", "timeDifference":"UTC+02", "name":"Israel Standard Time"},
{"timeZone":"JST", "timeDifference":"UTC+09", "name":"Japan Standard Time"},
{"timeZone":"KGT", "timeDifference":"UTC+06", "name":"Kyrgyzstan Time"},
{"timeZone":"KOST", "timeDifference":"UTC+11", "name":"Kosrae Time"},
{"timeZone":"KRAT", "timeDifference":"UTC+07", "name":"Krasnoyarsk Time"},
{"timeZone":"KST", "timeDifference":"UTC+09", "name":"Korea Standard Time"},
{"timeZone":"LHST", "timeDifference":"UTC+10:30", "name":"Lord Howe Standard Time"},
{"timeZone":"LHST", "timeDifference":"UTC+11", "name":"Lord Howe Summer Time"},
{"timeZone":"LINT", "timeDifference":"UTC+14", "name":"Line Islands Time"},
{"timeZone":"MAGT", "timeDifference":"UTC+12", "name":"Magadan Time"},
{"timeZone":"MART", "timeDifference":"UTC−09:30", "name":"Marquesas Islands Time"},
{"timeZone":"MAWT", "timeDifference":"UTC+05", "name":"Mawson Station Time"},
{"timeZone":"MDT", "timeDifference":"UTC−06", "name":"Mountain Daylight Time (North America)"},
{"timeZone":"MET", "timeDifference":"UTC+01", "name":"Middle European Time Same zone as CET"},
{"timeZone":"MEST", "timeDifference":"UTC+02", "name":"Middle European Summer Time Same zone as CEST"},
{"timeZone":"MHT", "timeDifference":"UTC+12", "name":"Marshall Islands Time"},
{"timeZone":"MIST", "timeDifference":"UTC+11", "name":"Macquarie Island Station Time"},
{"timeZone":"MIT", "timeDifference":"UTC−09:30", "name":"Marquesas Islands Time"},
{"timeZone":"MMT", "timeDifference":"UTC+06:30", "name":"Myanmar Standard Time"},
{"timeZone":"MSK", "timeDifference":"UTC+03", "name":"Moscow Time"},
{"timeZone":"MST", "timeDifference":"UTC+08", "name":"Malaysia Standard Time"},
{"timeZone":"MST", "timeDifference":"UTC−07", "name":"Mountain Standard Time (North America)"},
{"timeZone":"MUT", "timeDifference":"UTC+04", "name":"Mauritius Time"},
{"timeZone":"MVT", "timeDifference":"UTC+05", "name":"Maldives Time"},
{"timeZone":"MYT", "timeDifference":"UTC+08", "name":"Malaysia Time"},
{"timeZone":"NCT", "timeDifference":"UTC+11", "name":"New Caledonia Time"},
{"timeZone":"NDT", "timeDifference":"UTC−02:30", "name":"Newfoundland Daylight Time"},
{"timeZone":"NFT", "timeDifference":"UTC+11", "name":"Norfolk Island Time"},
{"timeZone":"NPT", "timeDifference":"UTC+05:45", "name":"Nepal Time"},
{"timeZone":"NST", "timeDifference":"UTC−03:30", "name":"Newfoundland Standard Time"},
{"timeZone":"NT", "timeDifference":"UTC−03:30", "name":"Newfoundland Time"},
{"timeZone":"NUT", "timeDifference":"UTC−11", "name":"Niue Time"},
{"timeZone":"NZDT", "timeDifference":"UTC+13", "name":"New Zealand Daylight Time"},
{"timeZone":"NZST", "timeDifference":"UTC+12", "name":"New Zealand Standard Time"},
{"timeZone":"OMST", "timeDifference":"UTC+06", "name":"Omsk Time"},
{"timeZone":"ORAT", "timeDifference":"UTC+05", "name":"Oral Time"},
{"timeZone":"PDT", "timeDifference":"UTC−07", "name":"Pacific Daylight Time (North America)"},
{"timeZone":"PET", "timeDifference":"UTC−05", "name":"Peru Time"},
{"timeZone":"PETT", "timeDifference":"UTC+12", "name":"Kamchatka Time"},
{"timeZone":"PGT", "timeDifference":"UTC+10", "name":"Papua New Guinea Time"},
{"timeZone":"PHOT", "timeDifference":"UTC+13", "name":"Phoenix Island Time"},
{"timeZone":"PHT", "timeDifference":"UTC+08", "name":"Philippine Time"},
{"timeZone":"PKT", "timeDifference":"UTC+05", "name":"Pakistan Standard Time"},
{"timeZone":"PMDT", "timeDifference":"UTC−02", "name":"Saint Pierre and Miquelon Daylight Time"},
{"timeZone":"PMST", "timeDifference":"UTC−03", "name":"Saint Pierre and Miquelon Standard Time"},
{"timeZone":"PONT", "timeDifference":"UTC+11", "name":"Pohnpei Standard Time"},
{"timeZone":"PST", "timeDifference":"UTC−08", "name":"Pacific Standard Time (North America)"},
{"timeZone":"PST", "timeDifference":"UTC+08", "name":"Philippine Standard Time"},
{"timeZone":"PYST", "timeDifference":"UTC−03", "name":"Paraguay Summer Time[6]"},
{"timeZone":"PYT", "timeDifference":"UTC−04", "name":"Paraguay Time[7]"},
{"timeZone":"RET", "timeDifference":"UTC+04", "name":"Réunion Time"},
{"timeZone":"ROTT", "timeDifference":"UTC−03", "name":"Rothera Research Station Time"},
{"timeZone":"SAKT", "timeDifference":"UTC+11", "name":"Sakhalin Island Time"},
{"timeZone":"SAMT", "timeDifference":"UTC+04", "name":"Samara Time"},
{"timeZone":"SAST", "timeDifference":"UTC+02", "name":"South African Standard Time"},
{"timeZone":"SBT", "timeDifference":"UTC+11", "name":"Solomon Islands Time"},
{"timeZone":"SCT", "timeDifference":"UTC+04", "name":"Seychelles Time"},
{"timeZone":"SDT", "timeDifference":"UTC−10", "name":"Samoa Daylight Time"},
{"timeZone":"SGT", "timeDifference":"UTC+08", "name":"Singapore Time"},
{"timeZone":"SLST", "timeDifference":"UTC+05:30", "name":"Sri Lanka Standard Time"},
{"timeZone":"SRET", "timeDifference":"UTC+11", "name":"Srednekolymsk Time"},
{"timeZone":"SRT", "timeDifference":"UTC−03", "name":"Suriname Time"},
{"timeZone":"SST", "timeDifference":"UTC−11", "name":"Samoa Standard Time"},
{"timeZone":"SST", "timeDifference":"UTC+08", "name":"Singapore Standard Time"},
{"timeZone":"SYOT", "timeDifference":"UTC+03", "name":"Showa Station Time"},
{"timeZone":"TAHT", "timeDifference":"UTC−10", "name":"Tahiti Time"},
{"timeZone":"THA", "timeDifference":"UTC+07", "name":"Thailand Standard Time"},
{"timeZone":"TFT", "timeDifference":"UTC+05", "name":"Indian/Kerguelen"},
{"timeZone":"TJT", "timeDifference":"UTC+05", "name":"Tajikistan Time"},
{"timeZone":"TKT", "timeDifference":"UTC+13", "name":"Tokelau Time"},
{"timeZone":"TLT", "timeDifference":"UTC+09", "name":"Timor Leste Time"},
{"timeZone":"TMT", "timeDifference":"UTC+05", "name":"Turkmenistan Time"},
{"timeZone":"TRT", "timeDifference":"UTC+03", "name":"Turkey Time"},
{"timeZone":"TOT", "timeDifference":"UTC+13", "name":"Tonga Time"},
{"timeZone":"TVT", "timeDifference":"UTC+12", "name":"Tuvalu Time"},
{"timeZone":"ULAST", "timeDifference":"UTC+09", "name":"Ulaanbaatar Summer Time"},
{"timeZone":"ULAT", "timeDifference":"UTC+08", "name":"Ulaanbaatar Standard Time"},
{"timeZone":"USZ1", "timeDifference":"UTC+02", "name":"Kaliningrad Time"},
{"timeZone":"UTC", "timeDifference":"UTC±00", "name":"Coordinated Universal Time"},
{"timeZone":"UYST", "timeDifference":"UTC−02", "name":"Uruguay Summer Time"},
{"timeZone":"UYT", "timeDifference":"UTC−03", "name":"Uruguay Standard Time"},
{"timeZone":"UZT", "timeDifference":"UTC+05", "name":"Uzbekistan Time"},
{"timeZone":"VET", "timeDifference":"UTC−04", "name":"Venezuelan Standard Time"},
{"timeZone":"VLAT", "timeDifference":"UTC+10", "name":"Vladivostok Time"},
{"timeZone":"VOLT", "timeDifference":"UTC+04", "name":"Volgograd Time"},
{"timeZone":"VOST", "timeDifference":"UTC+06", "name":"Vostok Station Time"},
{"timeZone":"VUT", "timeDifference":"UTC+11", "name":"Vanuatu Time"},
{"timeZone":"WAKT", "timeDifference":"UTC+12", "name":"Wake Island Time"},
{"timeZone":"WAST", "timeDifference":"UTC+02", "name":"West Africa Summer Time"},
{"timeZone":"WAT", "timeDifference":"UTC+01", "name":"West Africa Time"},
{"timeZone":"WEST", "timeDifference":"UTC+01", "name":"Western European Summer Time"},
{"timeZone":"WET", "timeDifference":"UTC±00", "name":"Western European Time"},
{"timeZone":"WIT", "timeDifference":"UTC+07", "name":"Western Indonesian Time"},
{"timeZone":"WST", "timeDifference":"UTC+08", "name":"Western Standard Time"},
{"timeZone":"YAKT", "timeDifference":"UTC+09", "name":"Yakutsk Time"},
{"timeZone":"YEKT", "timeDifference":"UTC+05", "name":"Yekaterinburg Time"}]
